id,room,item,sketch_says,unit,value_cm
H1,Hall,"top wall, open part on the left (dashed)",104 cm,cm,104.0
H2,Hall,"top wall, solid part",118+17,in,342.9
H3,Hall,"column at top-right corner, depth",5,in,12.7
H4,Hall,"column at top-right corner, width",9,in,22.9
H5,Hall,right wall (window wall),113.5,in,288.3
H6,Hall,"window on right wall, width",69 (x 46),in,175.3
H7,Hall,"window on right wall, height",(69 x) 46,in,116.8
H8,Hall,left wall,112,in,284.5
H9,Hall,"bottom wall, left part (read as '9t' = 94?)",9t (94?),in,238.8
H10,Hall,"bottom wall, right part (next to kitchen)",70.5 cm,cm,70.5
H11,Hall,step down to the kitchen top wall (dashed),28.8 cm,cm,28.8
H12,Hall,dashed drop at the end of the bottom-left wall,43 cm,cm,43.0
P1,Passage,opening from the hall side (dashed),81 cm,cm,81.0
P2,Passage,left wall: door,Door 70 cm,cm,70.0
P3,Passage,bottom wall (with a door),81+32 cm,cm,113.0
P4,Passage,"right side, down to the room's top wall",46,in,116.8
R1,Room,"top wall, left part",46,in,116.8
R2,Room,door on top wall (dashed),31,in,78.7
R3,Room,"wall thickness, kitchen-room wall",15 cm,cm,15.0
R4,Room,"top wall, right part 1 (below kitchen)",59 cm,cm,59.0
R5,Room,step in top wall,12.6 cm,cm,12.6
R6,Room,"top wall, right part 2",44 cm,cm,44.0
R7,Room,right wall,115+22,in,348.0
R8,Room,door on right wall,29,in,73.7
R9,Room,bottom wall (window wall),118,in,299.7
R10,Room,"window on bottom wall, width",58 (x 47),in,147.3
R11,Room,"window on bottom wall, height",(58 x) 47,in,119.4
R12,Room,left wall,110+37,in,373.4
K1,Kitchen,top wall,63,in,160.0
K2,Kitchen,right wall (window wall),87,in,221.0
K3,Kitchen,"window on right wall, width",115.5 cm (x 90),cm,115.5
K4,Kitchen,"window on right wall, height",(115.5 x) 90 cm,cm,90.0
K5,Kitchen,bottom wall (kitchen side),87,in,221.0
